"measure","value","setting_and_period"
"Screen-positives completing diagnostic confirmation","6.4%","Rural Andhra Pradesh, 2015-16 (35,475 screened)"
"Confirmations sought at private facilities","62.5%","Rural Andhra Pradesh, 2015-16"
"Eligible 30+ population screened in one year","48%","Rural Jaipur NPCDCS block, 2019-20"
"Detected diabetes cases referred to higher centre","81.85%","Rural Jaipur, 2019-20"
"Detected hypertension cases referred to higher centre","84.24%","Rural Jaipur, 2019-20"
"Diagnosed diabetes cases on treatment at 90 days","93.24%","Rural Jaipur, 2019-20"
"Diagnosed hypertension cases on treatment at 90 days","92.43%","Rural Jaipur, 2019-20"
"Persons on hypertension treatment nationally (75/25)","4.20 crore","India, as of 5 March 2025"
"Persons on diabetes treatment nationally (75/25)","2.53 crore","India, as of 5 March 2025"
