"cadre","number","as_of","source"
"ASHAs (rural + urban, in position under NHM)","1029000","30 June 2024","MoHFW Annual Report 2024-25, p.35"
"ASHAs urban (in position under NUHM)","93554","30 June 2025","MoHFW Initiatives & Achievements 2025 (NHM Quarterly MIS)"
"ANMs/HW(F) in position at rural SCs","186147","31 March 2023","HDI 2022-23 Table 12"
"ANMs/HW(F) in position at rural PHCs","27003","31 March 2023","HDI 2022-23 Table 14"
"ANMs in position urban (NUHM)","27497","30 June 2025","MoHFW Initiatives & Achievements 2025 (NHM Quarterly MIS)"
"ANMs contractual supported by NHM","90846","30 June 2024","MoHFW Annual Report 2024-25, p.34"
"Community Health Officers at rural SCs","118776","31 March 2023","HDI 2022-23 Table 13"
"Anganwadi Workers","1348135","31 December 2023","PIB PRID 2003433 (WCD Lok Sabha reply)"
"Anganwadi Helpers","1023068","31 December 2023","PIB PRID 2003433 (WCD Lok Sabha reply)"
